n,Selmer (Rank 1 Sim),Infinity Control Output
1,3,4.328085122666891
2,5,2.2755980665670936
3,7,1.6831442143704574
4,9,1.3980036027591267
5,11,1.227843378412744
6,13,1.1134464084677933
7,15,1.030496457777831
8,17,0.9671291782910149
9,19,0.9168439062401983
10,21,0.8757680219909173
