Derivative Order r,Normalized Derivative Impact
0,0.9
1,-0.09102392266268373
2,-0.46830802072626176
3,0.23987076352658276
4,-0.0024256111220604085
5,-0.03793224605604047
