n,Selmer Simulated,Infinity Control Output
1,1,1.4426950408889634
2,4,0.9102392266268373
3,9,0.7213475204444817
4,16,0.6213349345596119
5,25,0.5581106265512472
6,36,0.5138983423697507
7,49,0.48089834696298783
8,64,0.45511961331341866
9,81,0.43429448190325176
10,100,0.4170323914242463
